"case","method","metric","n","mean","sample_sd","values"
"SZ_Air","RBC","total_cost","1","5.942863614401944","","[5.942863614401944]"
"SZ_Air","RBC","energy_kwh","1","60.809303524631","","[60.809303524631]"
"SZ_Air","RBC","discomfort_zone_hours","1","0.0","","[0.0]"
"SZ_Air","RBC","discomfort_pmv_hours","1","0.0","","[0.0]"
"SZ_Air","RBC","occupied_peak_absolute_pmv","1","0.18","","[0.18]"
"SZ_Air","RBC","total_variation_c","1","70.0","","[70.0]"
"SZ_Air","RBC","direction_reversals","1","13.0","","[13]"
"SZ_Air","RBC","reward","1","-716.5813691312875","","[-716.5813691312875]"
"SZ_Air","eRBC","total_cost","1","5.31073840377047","","[5.31073840377047]"
"SZ_Air","eRBC","energy_kwh","1","55.25554708830228","","[55.25554708830228]"
"SZ_Air","eRBC","discomfort_zone_hours","1","0.0","","[0.0]"
"SZ_Air","eRBC","discomfort_pmv_hours","1","0.0","","[0.0]"
"SZ_Air","eRBC","occupied_peak_absolute_pmv","1","0.39","","[0.39]"
"SZ_Air","eRBC","total_variation_c","1","70.0","","[70.0]"
"SZ_Air","eRBC","direction_reversals","1","13.0","","[13]"
"SZ_Air","eRBC","reward","1","-640.504177761107","","[-640.504177761107]"
"SZ_Air","MPC","total_cost","3","5.453055211330401","0.0","[5.453055211330401, 5.453055211330401, 5.453055211330401]"
"SZ_Air","MPC","energy_kwh","3","55.417636322578026","0.0","[55.417636322578026, 55.417636322578026, 55.417636322578026]"
"SZ_Air","MPC","discomfort_zone_hours","3","0.5","0.0","[0.5, 0.5, 0.5]"
"SZ_Air","MPC","discomfort_pmv_hours","3","0.012500000000000011","0.0","[0.012500000000000011, 0.012500000000000011, 0.012500000000000011]"
"SZ_Air","MPC","occupied_peak_absolute_pmv","3","0.53","0.0","[0.53, 0.53, 0.53]"
"SZ_Air","MPC","total_variation_c","3","103.36390291863931","0.0","[103.36390291863931, 103.36390291863931, 103.36390291863931]"
"SZ_Air","MPC","direction_reversals","3","173.0","0.0","[173, 173, 173]"
"SZ_Air","MPC","reward","3","-658.4923463949161","0.0","[-658.4923463949161, -658.4923463949161, -658.4923463949161]"
"SZ_Air","PPO","total_cost","3","5.208678060736635","0.0786732401355773","[5.126577616131961, 5.216051637418955, 5.283404928658991]"
"SZ_Air","PPO","energy_kwh","3","56.074476126453085","1.4888774733099936","[55.206123977772066, 55.223650434280906, 57.79365396730629]"
"SZ_Air","PPO","discomfort_zone_hours","3","7.416666666666667","5.575242894559244","[13.75, 3.25, 5.25]"
"SZ_Air","PPO","discomfort_pmv_hours","3","0.15250000000000014","0.12417225938187655","[0.29500000000000026, 0.06750000000000006, 0.09500000000000008]"
"SZ_Air","PPO","occupied_peak_absolute_pmv","3","0.5466666666666667","0.011547005383792525","[0.56, 0.54, 0.54]"
"SZ_Air","PPO","total_variation_c","3","101.55057764301698","28.439840376301767","[120.88836193084717, 114.86781381070614, 68.89555718749762]"
"SZ_Air","PPO","direction_reversals","3","99.0","11.135528725660043","[111, 89, 97]"
"SZ_Air","PPO","reward","3","-631.9429412713577","6.485211721241219","[-625.8686630568415, -631.1872807267999, -638.7728800304317]"
"SZ_Air","Ours","total_cost","3","5.2153123700053134","0.017582970175658692","[5.229753758592649, 5.195732648162915, 5.220450703260377]"
"SZ_Air","Ours","energy_kwh","3","54.02194029754545","0.3352266469036485","[54.38506888301168, 53.72427205308271, 53.95647995654196]"
"SZ_Air","Ours","discomfort_zone_hours","3","1.0833333333333333","0.14433756729740646","[1.0, 1.0, 1.25]"
"SZ_Air","Ours","discomfort_pmv_hours","3","0.019166666666666676","0.009464847243000448","[0.03, 0.015000000000000013, 0.012500000000000011]"
"SZ_Air","Ours","occupied_peak_absolute_pmv","3","0.5333333333333333","0.032145502536643146","[0.57, 0.52, 0.51]"
"SZ_Air","Ours","total_variation_c","3","77.60000000000004","5.436910887627271","[83.60000000000002, 73.00000000000001, 76.20000000000007]"
"SZ_Air","Ours","direction_reversals","3","55.666666666666664","16.165807537309522","[53, 41, 73]"
"SZ_Air","Ours","reward","3","-629.6562203708874","2.6478717198737027","[-632.2021875573591, -626.9170297803405, -629.8494437749624]"
"MZ_Hydro","RBC","total_cost","1","177.38258213236267","","[177.38258213236267]"
"MZ_Hydro","RBC","energy_kwh","1","1151.6762614851054","","[1151.6762614851054]"
"MZ_Hydro","RBC","discomfort_zone_hours","1","0.0","","[0.0]"
"MZ_Hydro","RBC","discomfort_pmv_hours","1","0.0","","[0.0]"
"MZ_Hydro","RBC","occupied_peak_absolute_pmv","1","0.19","","[0.19]"
"MZ_Hydro","RBC","total_variation_c","1","100.0","","[100.0]"
"MZ_Hydro","RBC","direction_reversals","1","18.0","","[18]"
"MZ_Hydro","RBC","reward","1","-267.039670448544","","[-267.039670448544]"
"MZ_Hydro","eRBC","total_cost","1","118.92207893149428","","[118.92207893149428]"
"MZ_Hydro","eRBC","energy_kwh","1","778.3263692090309","","[778.3263692090309]"
"MZ_Hydro","eRBC","discomfort_zone_hours","1","0.0","","[0.0]"
"MZ_Hydro","eRBC","discomfort_pmv_hours","1","0.0","","[0.0]"
"MZ_Hydro","eRBC","occupied_peak_absolute_pmv","1","0.47","","[0.47]"
"MZ_Hydro","eRBC","total_variation_c","1","100.6","","[100.6]"
"MZ_Hydro","eRBC","direction_reversals","1","20.0","","[20]"
"MZ_Hydro","eRBC","reward","1","-179.35418363224142","","[-179.35418363224142]"
"MZ_Hydro","MPC","total_cost","3","120.88428971150756","0.0","[120.88428971150756, 120.88428971150756, 120.88428971150756]"
"MZ_Hydro","MPC","energy_kwh","3","786.1538187143229","1.3923737144427707e-13","[786.153818714323, 786.153818714323, 786.153818714323]"
"MZ_Hydro","MPC","discomfort_zone_hours","3","0.0","0.0","[0.0, 0.0, 0.0]"
"MZ_Hydro","MPC","discomfort_pmv_hours","3","0.0","0.0","[0.0, 0.0, 0.0]"
"MZ_Hydro","MPC","occupied_peak_absolute_pmv","3","0.48","0.0","[0.48, 0.48, 0.48]"
"MZ_Hydro","MPC","total_variation_c","3","81.9313336770355","0.0","[81.9313336770355, 81.9313336770355, 81.9313336770355]"
"MZ_Hydro","MPC","direction_reversals","3","272.0","0.0","[272, 272, 272]"
"MZ_Hydro","MPC","reward","3","-182.0457896286624","0.0","[-182.0457896286624, -182.0457896286624, -182.0457896286624]"
"MZ_Hydro","PPO","total_cost","3","201.7359413229207","8.358236425686378","[196.36154439590166, 211.36554638650824, 197.4807331863522]"
"MZ_Hydro","PPO","energy_kwh","3","1308.9707491378172","54.21618923017004","[1274.241724438031, 1371.4441997061258, 1281.2263232692944]"
"MZ_Hydro","PPO","discomfort_zone_hours","3","0.0","0.0","[0.0, 0.0, 0.0]"
"MZ_Hydro","PPO","discomfort_pmv_hours","3","0.0","0.0","[0.0, 0.0, 0.0]"
"MZ_Hydro","PPO","occupied_peak_absolute_pmv","3","0.42333333333333334","0.05131601439446883","[0.38, 0.48, 0.41]"
"MZ_Hydro","PPO","total_variation_c","3","201.038416440133","14.186146606277482","[186.44148080027662, 201.8991938373074, 214.774574682815]"
"MZ_Hydro","PPO","direction_reversals","3","295.6666666666667","5.131601439446884","[300, 297, 290]"
"MZ_Hydro","PPO","reward","3","-304.456824004765","12.552821714384732","[-296.2670678842419, -318.90878920417407, -298.1946149258791]"
"MZ_Hydro","MAPPO","total_cost","3","156.74264777974204","11.334015231119501","[146.95583279036245, 154.1111904562447, 169.16092009261894]"
"MZ_Hydro","MAPPO","energy_kwh","3","1018.4761156006676","74.50448908487819","[954.1814396837979, 1001.1202730516113, 1100.1266340665936]"
"MZ_Hydro","MAPPO","discomfort_zone_hours","3","0.6666666666666666","0.9464847243000457","[1.75, 0.25, 0.0]"
"MZ_Hydro","MAPPO","discomfort_pmv_hours","3","0.02","0.032499999999999994","[0.057499999999999996, 0.0025000000000000022, 0.0]"
"MZ_Hydro","MAPPO","occupied_peak_absolute_pmv","3","0.5133333333333333","0.0650640709864771","[0.58, 0.51, 0.45]"
"MZ_Hydro","MAPPO","total_variation_c","3","1020.0061574906189","287.29247981655135","[759.4287030311534, 972.4986203340814, 1328.0911491066217]"
"MZ_Hydro","MAPPO","direction_reversals","3","350.6666666666667","54.04936015655813","[330, 310, 412]"
"MZ_Hydro","MAPPO","reward","3","-244.58074357715964","18.947528361512514","[-228.47931396243962, -239.8030990084348, -265.4598177606045]"
"MZ_Hydro","Ours","total_cost","3","113.70737152608172","1.922648552729237","[115.81427293434811, 113.25997552178644, 112.04786612211059]"
"MZ_Hydro","Ours","energy_kwh","3","743.4908569301647","12.806558360053472","[757.2945588908796, 741.1826206663757, 731.9953912332389]"
"MZ_Hydro","Ours","discomfort_zone_hours","3","5.166666666666667","1.1814539065631522","[4.75, 4.25, 6.5]"
"MZ_Hydro","Ours","discomfort_pmv_hours","3","0.17416666666666678","0.05795112883571238","[0.20250000000000007, 0.10750000000000007, 0.2125000000000001]"
"MZ_Hydro","Ours","occupied_peak_absolute_pmv","3","0.5866666666666666","0.01527525231651948","[0.59, 0.57, 0.6]"
"MZ_Hydro","Ours","total_variation_c","3","93.31333333333343","21.359085498525804","[94.60000000000005, 71.34000000000005, 114.00000000000014]"
"MZ_Hydro","Ours","direction_reversals","3","94.33333333333333","18.610033136277146","[92, 77, 114]"
"MZ_Hydro","Ours","reward","3","-175.1181457729559","3.725365745885963","[-179.32979478652217, -172.25412644917967, -173.7705160831659]"
"MZ_Air","RBC","total_cost","1","195.4054243529899","","[195.4054243529899]"
"MZ_Air","RBC","energy_kwh","1","1712.2962242807141","","[1712.2962242807141]"
"MZ_Air","RBC","discomfort_zone_hours","1","0.0","","[0.0]"
"MZ_Air","RBC","discomfort_pmv_hours","1","0.0","","[0.0]"
"MZ_Air","RBC","occupied_peak_absolute_pmv","1","0.49","","[0.49]"
"MZ_Air","RBC","total_variation_c","1","350.0","","[350.0]"
"MZ_Air","RBC","direction_reversals","1","65.0","","[65]"
"MZ_Air","RBC","reward","1","-727.1847794736854","","[-727.1847794736854]"
"MZ_Air","eRBC","total_cost","1","150.03933537196755","","[150.03933537196755]"
"MZ_Air","eRBC","energy_kwh","1","1357.0866245182806","","[1357.0866245182806]"
"MZ_Air","eRBC","discomfort_zone_hours","1","0.0","","[0.0]"
"MZ_Air","eRBC","discomfort_pmv_hours","1","0.0","","[0.0]"
"MZ_Air","eRBC","occupied_peak_absolute_pmv","1","0.5","","[0.5]"
"MZ_Air","eRBC","total_variation_c","1","362.6","","[362.6]"
"MZ_Air","eRBC","direction_reversals","1","75.0","","[75]"
"MZ_Air","eRBC","reward","1","-559.1299559533957","","[-559.1299559533957]"
"MZ_Air","MPC","total_cost","3","156.2408456553728","0.0","[156.2408456553728, 156.2408456553728, 156.2408456553728]"
"MZ_Air","MPC","energy_kwh","3","1395.238324762142","0.0","[1395.238324762142, 1395.238324762142, 1395.238324762142]"
"MZ_Air","MPC","discomfort_zone_hours","3","7.75","0.0","[7.75, 7.75, 7.75]"
"MZ_Air","MPC","discomfort_pmv_hours","3","0.5025000000000002","0.0","[0.5025000000000002, 0.5025000000000002, 0.5025000000000002]"
"MZ_Air","MPC","occupied_peak_absolute_pmv","3","0.79","0.0","[0.79, 0.79, 0.79]"
"MZ_Air","MPC","total_variation_c","3","789.593279907998","1.3923737144427707e-13","[789.5932799079981, 789.5932799079981, 789.5932799079981]"
"MZ_Air","MPC","direction_reversals","3","1149.0","0.0","[1149, 1149, 1149]"
"MZ_Air","MPC","reward","3","-595.7098295251194","0.0","[-595.7098295251194, -595.7098295251194, -595.7098295251194]"
"MZ_Air","PPO","total_cost","3","149.94069393936874","1.9592455535608722","[148.6994073039073, 152.19933870875226, 148.9233358054467]"
"MZ_Air","PPO","energy_kwh","3","1406.7548638460269","6.04727098632686","[1404.2098769722077, 1413.658677531434, 1402.3960370344394]"
"MZ_Air","PPO","discomfort_zone_hours","3","55.583333333333336","5.3870987862979955","[56.0, 50.0, 60.75]"
"MZ_Air","PPO","discomfort_pmv_hours","3","3.449999999999998","0.6378234473582792","[3.334999999999998, 2.877499999999998, 4.1374999999999975]"
"MZ_Air","PPO","occupied_peak_absolute_pmv","3","0.7000000000000001","0.051961524227066305","[0.64, 0.73, 0.73]"
"MZ_Air","PPO","total_variation_c","3","673.2175244949758","30.009635045078042","[664.2637820541859, 706.6849298216403, 648.7038616091013]"
"MZ_Air","PPO","direction_reversals","3","99.33333333333333","8.326663997864532","[102, 106, 90]"
"MZ_Air","PPO","reward","3","-607.4614256640511","9.951149470023141","[-597.7218936881186, -607.050896826718, -617.6114864773167]"
"MZ_Air","MAPPO","total_cost","3","147.8065603275036","7.607023734575003","[139.386418502275, 149.8503628286176, 154.18289965161827]"
"MZ_Air","MAPPO","energy_kwh","3","1508.9700433954886","63.85641571003092","[1436.5509969512373, 1533.169024939101, 1557.1901082961276]"
"MZ_Air","MAPPO","discomfort_zone_hours","3","36.25","28.76304052077944","[64.5, 37.25, 7.0]"
"MZ_Air","MAPPO","discomfort_pmv_hours","3","2.708333333333334","2.555730489181779","[5.335000000000001, 2.5600000000000005, 0.23000000000000012]"
"MZ_Air","MAPPO","occupied_peak_absolute_pmv","3","0.69","0.0818535277187245","[0.71, 0.76, 0.6]"
"MZ_Air","MAPPO","total_variation_c","3","1734.6065350459928","232.94440139420192","[1985.230777162942, 1524.7148000821471, 1693.874027892889]"
"MZ_Air","MAPPO","direction_reversals","3","1496.3333333333333","97.35159646011633","[1583, 1391, 1515]"
"MZ_Air","MAPPO","reward","3","-609.1378292908167","22.29770030731901","[-631.0673424658177, -609.8568125979566, -586.489332808676]"
"MZ_Air","Ours","total_cost","3","141.72182012873552","1.524556921190722","[141.0694848197105, 143.4640096013709, 140.63196596512518]"
"MZ_Air","Ours","energy_kwh","3","1326.7798231170698","11.702856855856826","[1333.8069855956103, 1333.2622960600163, 1313.2701876955823]"
"MZ_Air","Ours","discomfort_zone_hours","3","11.916666666666666","4.259792639710685","[14.25, 7.0, 14.5]"
"MZ_Air","Ours","discomfort_pmv_hours","3","0.4541666666666666","0.09028888820521214","[0.5399999999999996, 0.36000000000000004, 0.46250000000000024]"
"MZ_Air","Ours","occupied_peak_absolute_pmv","3","0.6566666666666666","0.04163331998932265","[0.67, 0.69, 0.61]"
"MZ_Air","Ours","total_variation_c","3","508.5506666666669","97.76492960838935","[396.3320000000003, 575.3000000000002, 554.0200000000002]"
"MZ_Air","Ours","direction_reversals","3","294.3333333333333","39.272551907577046","[249, 316, 318]"
"MZ_Air","Ours","reward","3","-535.0077786568012","6.91666336377347","[-532.3449738275593, -542.8600962616995, -529.8182658811446]"
